_max_adv,_min_discrew,_max_discrew,_min_obs,_std_act,_min_act,_max_act,_mean_adv,_mean_act,_std_discrew,_MeanReward,ExplainedVarOld,Steps,_lr_multiplier,ExplainedVarNew,PolicyLoss,_Episode,_mean_obs,Beta,ValFuncLoss,KL,_mean_discrew,_std_adv,PolicyEntropy,_min_adv,_max_obs,_std_obs
0.6490169859668369,-183.9734820675549,-0.12901299142821582,-3.4043142789930396,2.7312596,-5.386803,6.359647,-6.235109929887533e-17,-0.076346554,3255.906949982036,-1146.4,0.0,2735,1.0,0.0,-7.59886e-05,5,-0.1679728810076483,0.6666666666666666,19508.577238393795,1.0788441e-05,-127.6990935089782,0.9999998957848479,1.9157615,-6.066814892293503,1.1099999999999886,0.20634454654674345
0.5730608837593986,-141.7698628207547,-0.13535999638896876,-0.6032686624576523,2.6528342,-5.3976173,6.1382365,-1.2529776383719622e-16,-0.0357466,1076.957936979801,-472.0,0.0,1361,1.0,0.0,-0.00015789922,10,0.07228847338676998,0.4444444444444444,1942.9423853377864,1.4483929e-05,-29.728335350139126,0.9999998821697054,1.912276,-7.393718710512085,0.8189820518221058,0.05264416893987378
