_max_adv,_min_discrew,_max_discrew,_min_obs,_std_act,_min_act,_max_act,_mean_adv,_mean_act,_std_discrew,_MeanReward,ExplainedVarOld,Steps,_lr_multiplier,ExplainedVarNew,PolicyLoss,_Episode,_mean_obs,Beta,ValFuncLoss,KL,_mean_discrew,_std_adv,PolicyEntropy,_min_adv,_max_obs,_std_obs
0.6069860783571283,-1052.1067413809888,-1.0,-0.5369682957317491,2.9310071,-4.823344,5.469673,-1.0060782099258056e-16,0.040556446,116471.09762299694,-625.6,0.0,1130,1.0,0.0,-0.00033733886,5,0.06694047744618822,0.6666666666666666,209925.8908185768,1.5854836e-05,-305.8005895989621,0.9999999892596795,1.9152893,-4.757804032873282,0.7692941269269313,0.05803571293103817
0.6237745074387839,-1273.9090718953846,-1.0,-0.8276422937762973,2.738726,-6.2569833,6.2101383,-1.2436570637574682e-16,-0.04020405,242032.98436713024,-742.4,0.0,1714,1.0,0.0,-1.6178661e-05,10,-0.019155473827345074,0.4444444444444444,588418.3727206913,3.3974648e-06,-588.8127301447295,0.9999999870187094,1.9137355,-5.860380110285387,0.7266646833479116,0.07997689105721649
0.7232579998397963,-1085.632200906468,-1.0,-0.5210597876993208,2.6742806,-5.6727076,6.1492324,4.7888305695710204e-17,0.016088374,179269.83321140485,-836.8,0.0,1187,1.0,0.0,-0.000117509626,15,0.07097360619031248,0.2962962962962963,431629.352588563,3.2186508e-06,-502.73809189296185,0.9999999905600662,1.9129126,-3.991988866528323,0.75270559081241,0.0596103644816225
