_max_adv,_min_discrew,_max_discrew,_min_obs,_std_act,_min_act,_max_act,_mean_adv,_mean_act,_std_discrew,_MeanReward,ExplainedVarOld,Steps,_lr_multiplier,ExplainedVarNew,PolicyLoss,_Episode,_mean_obs,Beta,ValFuncLoss,KL,_mean_discrew,_std_adv,PolicyEntropy,_min_adv,_max_obs,_std_obs
0.8833904783438518,-1322.527525201161,-238.47823690127203,-1.200923482299713,2.7482052,-6.6722345,5.541619,1.4793342579260382e-16,-0.031168683,47299.18652163233,-17575.1,0.0,1537,1.0,0.0,-0.0002731997,20,0.10691207677451323,0.6666666666666666,168600.90136852904,1.3947487e-05,-349.56094416234635,0.9999999900416683,3.8351526,-5.431763778123012,3.2377258479055513,0.14727151211627582
1.2265966757970739,-545.9133792154616,-0.027302494584419194,-0.7407413011570825,2.5577352,-5.3871603,6.3165574,-1.1022739337567186e-16,-0.0011163987,11078.334647022455,-11082.7,0.0,1676,1.0,0.0,-0.00032324705,40,-0.014709796732549291,0.4444444444444444,74061.2731046319,2.3841858e-05,-253.41191878651142,0.9999999794022122,3.8285775,-4.339480126408367,1.0587788185984923,0.04368682600660906
