_max_adv,_min_discrew,_max_discrew,_min_obs,_std_act,_min_act,_max_act,_mean_adv,_mean_act,_std_discrew,_MeanReward,ExplainedVarOld,Steps,_lr_multiplier,ExplainedVarNew,PolicyLoss,_Episode,_mean_obs,Beta,ValFuncLoss,KL,_mean_discrew,_std_adv,PolicyEntropy,_min_adv,_max_obs,_std_obs
0.7008523597190461,-218.41913118796526,-0.1617277340690882,-2.8270913159473294,2.8445158,-6.7283335,6.3163724,-2.3964341846883647e-17,0.005028644,6243.915132783751,-786.65,0.0,4744,1.0,-2.220446049250313e-16,-4.1704254e-05,20,0.001969903205099898,0.6666666666666666,15785.789911232128,6.735325e-06,-98.06566938981503,0.9999999396866472,1.9211373,-4.171441478768104,0.8662643665593964,0.09343041768726215
0.6515194051334535,-220.19275842162162,-0.16292354602005601,-1.1761178825038003,2.7236578,-6.8400297,6.453607,-3.817271823214984e-17,-0.01183445,5248.162415735512,-784.6,0.0,6701,1.0,0.0,-8.6824904e-05,40,-0.009167753808287217,0.4444444444444444,13088.776573524558,1.23381615e-05,-89.46562689258579,0.999999924874093,1.9179916,-5.4622504051057845,1.341999999999963,0.08272923707006755
0.648447411037805,-174.22173619083247,-0.16143487374035576,-0.6329252918013428,2.6396456,-5.532986,6.0241165,-4.7518009497018195e-17,0.015529275,3505.7364284931414,-638.85,0.0,4785,1.0,0.0,-0.00028598987,60,0.03509047749647592,0.2962962962962963,6649.78232592593,1.6391277e-05,-57.31164609055232,0.9999999313991883,1.9215841,-4.883297091889311,0.8150000000000006,0.055221310773757096
