_max_adv,_min_discrew,_max_discrew,_min_obs,_std_act,_min_act,_max_act,_mean_adv,_mean_act,_std_discrew,_MeanReward,ExplainedVarOld,Steps,_lr_multiplier,ExplainedVarNew,PolicyLoss,_Episode,_mean_obs,Beta,ValFuncLoss,KL,_mean_discrew,_std_adv,PolicyEntropy,_min_adv,_max_obs,_std_obs
0.5369782071098914,-198.95042592589604,-0.19242342422886702,-0.589239727275344,2.639772,-5.0575523,5.114026,4.403053358699304e-17,-0.03163028,1698.7655373526236,-458.0,0.0,1291,1.0,0.0,-0.00020879069,5,0.02060163151518916,0.6666666666666666,3112.7390427175706,1.2278557e-05,-37.7092139271632,0.9999999180571889,1.9157273,-7.338996261143659,0.938904660244362,0.06002237355688963
