_max_adv,_min_discrew,_max_discrew,_min_obs,_std_act,_min_act,_max_act,_mean_adv,_mean_act,_std_discrew,_MeanReward,ExplainedVarOld,Steps,_lr_multiplier,ExplainedVarNew,PolicyLoss,_Episode,_mean_obs,Beta,ValFuncLoss,KL,_mean_discrew,_std_adv,PolicyEntropy,_min_adv,_max_obs,_std_obs
0.5609522280401449,-39970.00999875,-1.0,-1.4759279544137192,2.744565,-5.555732,6.8604584,-1.8698493046318426e-17,-0.04001427,113229033.2993266,-15150.5,0.0,3040,1.0,8.274945234398867e-05,-0.00012205275,20,0.10806400727019597,0.6666666666666666,223299827.54215288,1.001358e-05,-10499.271183133083,0.9999999996905254,1.9161092,-5.440734432143064,4.7108991641853,0.2701994677789935
0.4441745521480931,-119351.92313392356,-1.0,-0.7818192023511379,2.7393014,-5.8897696,5.923541,4.610171845969831e-17,-0.072936155,251686343.7604182,-23620.95,-3.535263186993376e-05,2466,1.0,-5.081633795023244e-05,-0.0003493037,40,-0.03287860341602836,0.4444444444444444,377490445.21425015,1.4662743e-05,-11221.183613299989,0.9999999998296837,1.9125272,-7.913050695955208,0.7801536265473958,0.030584124044113554
0.4211573378448894,-19995.0,-1.0,-1.0425306816180677,2.7896824,-5.1844654,5.6696544,1.948026691597259e-17,0.012331692,57702650.193846084,-8145.1,5.7463864797990816e-05,2918,1.0,0.00016758141070183363,-0.00015438662,60,0.022228356386338133,0.2962962962962963,71889472.30482386,2.503395e-06,-3774.998716137607,0.9999999995462195,1.9122164,-4.071767583105652,1.155083057047084,0.053234263427201646
0.5151491597401182,-47854.09931974865,-1.0,-1.0866510619421956,2.7193394,-5.729465,5.10287,-3.11095768721585e-17,0.032247085,140519299.26877752,-10113.2,0.0004019021007392043,2284,1.0,0.00048033868865005047,-0.00019137791,80,-0.014404848726820725,0.19753086419753085,196301091.07247847,2.8014183e-06,-7479.73928119971,0.9999999996643252,1.9120128,-4.445178044138342,1.0921004851533453,0.05156344019950591
0.3204750553674057,-19995.0,-1.0,-0.9761951247999076,2.7154508,-6.4633694,5.4714904,0.0,0.040747155,31293342.900496285,-3717.15,6.751050951359083e-05,4350,1.0,0.00015331718837563457,-7.3580995e-05,100,0.06855864505861323,0.1316872427983539,40856652.97113177,1.4901161e-06,-3102.1814557647035,0.9999999991344465,1.9119785,-8.250094285470967,1.5808187197214167,0.06906423652628167
