_max_adv,_min_discrew,_max_discrew,_min_obs,_std_act,_min_act,_max_act,_mean_adv,_mean_act,_std_discrew,_MeanReward,ExplainedVarOld,Steps,_lr_multiplier,ExplainedVarNew,PolicyLoss,_Episode,_mean_obs,Beta,ValFuncLoss,KL,_mean_discrew,_std_adv,PolicyEntropy,_min_adv,_max_obs,_std_obs
0.6741959172309191,-164.59403282838778,-0.32918806565677555,-666.6666666666667,2.939088,-6.1740804,6.4289155,8.045777616533336e-17,0.14493732,1995.386590750589,-95.6,0.006281196887270135,1413,1.0,0.029077009361583084,-0.00089625147,20,-17.98675741345629,0.6666666666666666,2509.293570365903,0.0007561711,-31.956409420103704,0.9999998957012025,1.9208665,-7.912200728240496,2.9689179983805047,8905.832792294568
3.4613961406590605,-25.39428729818215,-0.3592434479208245,-0.6259237479390211,2.914137,-4.109712,6.176753,1.3739776658344478e-16,0.29938638,38.072526008759176,-54.3,0.40918463001832117,1086,1.0,0.609101689045077,-0.0107894875,40,0.06339545851728116,1.0,16.81049335335949,0.009375744,-10.014380859446202,0.9999994152219834,1.9190996,-2.673895318243729,0.7672541234136729,0.028463733682040693
