_max_adv,_min_discrew,_max_discrew,_min_obs,_std_act,_min_act,_max_act,_mean_adv,_mean_act,_std_discrew,_MeanReward,ExplainedVarOld,Steps,_lr_multiplier,ExplainedVarNew,PolicyLoss,_Episode,_mean_obs,Beta,ValFuncLoss,KL,_mean_discrew,_std_adv,PolicyEntropy,_min_adv,_max_obs,_std_obs
2.1981763958527942,-298.3356660648156,-1.0,-1.166761495600935,2.6998827,-5.412718,6.0087776,2.590857742060529e-16,0.035756525,5498.491457192609,-109.7,0.0,2194,1.0,-0.002951090930244593,-0.00021546546,20,0.008939966328566149,0.6666666666666666,12076.121670792858,1.4483929e-05,-83.96688060947554,0.9999998575416738,1.9154611,-1.202548709911329,1.0100383230437164,0.03754413216519776
