_max_adv,_min_discrew,_max_discrew,_min_obs,_std_act,_min_act,_max_act,_mean_adv,_mean_act,_std_discrew,_MeanReward,ExplainedVarOld,Steps,_lr_multiplier,ExplainedVarNew,PolicyLoss,_Episode,_mean_obs,Beta,ValFuncLoss,KL,_mean_discrew,_std_adv,PolicyEntropy,_min_adv,_max_obs,_std_obs
0.5985239152684421,-1063.884586890786,-1.0,-0.5415910938378558,2.908318,-4.9244013,4.8666224,3.5773076690250484e-17,-0.023261616,97174.28257627702,-717.4,0.0,1589,1.0,0.0,-0.0001329092,5,0.05811027994715916,0.6666666666666666,222875.44498263035,1.513958e-05,-354.6885304326199,0.9999999874823355,1.915395,-5.654049514313908,0.7276988695004086,0.06662299381287877
0.6274669217824933,-1093.373316279022,-1.0,-0.565437236286602,2.5376644,-4.9761176,5.447992,0.0,-0.022611944,145451.48541192073,-659.2,0.0,1298,1.0,0.0,-8.9801026e-05,10,0.07979656542086293,0.4444444444444444,279601.97189154784,5.841255e-06,-366.5325037133744,0.9999999885454824,1.9174161,-5.094064738309294,0.7437304301299852,0.05382077973637044
