_max_adv,_min_discrew,_max_discrew,_min_obs,_std_act,_min_act,_max_act,_mean_adv,_mean_act,_std_discrew,_MeanReward,ExplainedVarOld,Steps,_lr_multiplier,ExplainedVarNew,PolicyLoss,_Episode,_mean_obs,Beta,ValFuncLoss,KL,_mean_discrew,_std_adv,PolicyEntropy,_min_adv,_max_obs,_std_obs
1.2198404566917311,-39970.00999875,-9256.641790663345,-0.8987564828206557,2.987471,-4.9273086,4.8843284,-1.6162303172302195e-16,-0.008169536,28981716.369007077,-14057.95,0.0,1187,1.0,-7.626391798276622e-05,-0.00020586827,20,-0.01888412217780797,0.6666666666666666,192526338.69444105,1.2099743e-05,-12789.910277287338,0.9999999996303786,1.91575,-5.90699314451966,2.259600376596623,0.058029971933741396
1.2451536268887569,-39970.00999875,-9388.477263336037,-1.0560068543533625,2.9258382,-4.8792796,6.8785896,-3.587206044614098e-16,-0.029715,107552769.23991776,-15050.0,-6.790503098241807e-05,1030,1.0,-9.928758947208571e-05,-0.00015710118,40,-0.004856561971685752,0.4444444444444444,379657756.3645162,3.2186508e-06,-16497.274853372863,0.9999999996968559,1.9168508,-4.570646760465865,1.4849800150040715,0.03824192555619361
0.9410370143925356,-49950.02499375063,-9198.805848451295,-0.9312787139950607,2.55524,-4.8378215,5.023217,-1.0839706113807783e-16,0.015423582,76182112.07025386,-16563.9,-5.636105450035345e-05,1311,1.0,-2.5161312126265045e-05,-9.55553e-05,60,0.019117907647816446,0.2962962962962963,278162537.6101826,1.9669533e-06,-14214.982786384255,0.9999999997324039,1.9171596,-5.456867243207455,2.200227576536156,0.05514893515935746
1.08295028185435,-19995.0,-1.0,-0.919552169209464,2.5895312,-6.04333,5.048682,1.178346162122886e-16,0.018764315,30143062.61905028,-11059.2,0.00042350752489672683,1206,1.0,0.0004620503805706777,-0.0001766965,80,0.05991842947727198,0.19753086419753085,98575461.92970443,8.881092e-06,-8276.489623493286,0.9999999995540682,1.9144545,-3.329253502031555,2.9064568323676583,0.1224606080531538
