_max_adv,_min_discrew,_max_discrew,_min_obs,_std_act,_min_act,_max_act,_mean_adv,_mean_act,_std_discrew,_MeanReward,ExplainedVarOld,Steps,_lr_multiplier,ExplainedVarNew,PolicyLoss,_Episode,_mean_obs,Beta,ValFuncLoss,KL,_mean_discrew,_std_adv,PolicyEntropy,_min_adv,_max_obs,_std_obs
0.47959687858784605,-1777.2947166754893,-0.035476423920959975,-0.9230314900774708,2.6951299,-6.4630313,5.431453,1.817244848491305e-17,-0.019419475,187294.05682822678,-15654.85,0.0,3128,1.0,0.0,-0.00021761945,20,0.0037583285082819205,0.6666666666666666,312421.1271420415,1.335144e-05,-357.5111428454268,0.9999999923528958,1.9162297,-6.035986655387069,1.447197217023249,0.06027068159691836
0.5409486280667288,-1372.3604598418033,-0.03433475397891373,-1.1759562657474374,2.7039187,-6.8199306,5.7107096,-9.605257086531683e-17,-0.022445869,112027.24389544576,-13642.9,0.0,2885,1.0,0.0,-0.00037718768,40,0.013075318555800214,0.4444444444444444,204402.0926279789,1.424551e-05,-311.01292831643553,0.9999999898098655,1.9136462,-6.245376868424781,0.8313424116172435,0.04969281620162933
0.5388349558483272,-1371.1087350770288,-0.03430343738017348,-0.8170405200766034,2.7702928,-5.249936,5.5781536,-9.499234435295457e-17,0.01675981,164193.45190402286,-11148.5,0.0,2992,1.0,0.0,-0.0002917184,60,0.0282540316780032,0.2962962962962963,261138.22497635274,1.4662743e-05,-321.62964889963723,0.9999999900358182,1.9167968,-6.091927783250418,1.1141417677715966,0.04821581605396559
0.5517894152772607,-1387.1810688103267,-0.03470554720535993,-0.8155800920314322,2.5489016,-5.9240785,5.1492705,-1.685248113276253e-17,0.0075772963,165967.06747237436,-9667.7,0.0,3373,1.0,0.0,-0.00016438837,80,0.00017878182790545186,0.19753086419753085,288195.93705868797,5.6028366e-06,-363.97478671696217,0.9999999883255531,1.9179436,-7.309219063873372,1.2132068050575016,0.049538574419852
