_max_adv,_min_discrew,_max_discrew,_min_obs,_std_act,_min_act,_max_act,_mean_adv,_mean_act,_std_discrew,_MeanReward,ExplainedVarOld,Steps,_lr_multiplier,ExplainedVarNew,PolicyLoss,_Episode,_mean_obs,Beta,ValFuncLoss,KL,_mean_discrew,_std_adv,PolicyEntropy,_min_adv,_max_obs,_std_obs
0.9925673109995539,-10000.0,-1000.0,-1.1303987273790352,2.5144672,-7.1315875,5.7630134,9.72394750795836e-17,0.039004996,12728006.017891191,-6699.45,0.0,1023,1.0,0.00014230239965462577,-0.0004454729,20,-0.10078784741017033,0.6666666666666666,38086937.26899491,5.6028366e-05,-5037.205313766699,0.9999999993477949,3.8380556,-2.2225253085435166,0.8889136876105102,0.02675390596083253
1.1725493729620362,-10000.0,-1000.0,-0.8565295361574619,2.8099337,-5.7049,5.9696207,-1.9723601270231788e-17,0.0071747666,12485362.399217017,-7820.6,1.0479394212947746e-05,1441,1.0,9.572369785082468e-05,-0.0004331029,40,-0.006717804121782121,0.4444444444444444,67329370.1033025,4.351139e-05,-7408.083003890377,0.9999999992977189,3.829099,-2.284049464927369,1.353390790423785,0.032958486380610816
