_max_adv,_min_discrew,_max_discrew,_min_obs,_std_act,_min_act,_max_act,_mean_adv,_mean_act,_std_discrew,_MeanReward,ExplainedVarOld,Steps,_lr_multiplier,ExplainedVarNew,PolicyLoss,_Episode,_mean_obs,Beta,ValFuncLoss,KL,_mean_discrew,_std_adv,PolicyEntropy,_min_adv,_max_obs,_std_obs
0.349779136026672,-29985.002500000002,-1.0,-1.1998762342335234,2.705772,-5.7471375,6.4429746,6.37973275654411e-17,0.059806872,61520650.58124466,-5633.1,0.0,2673,1.0,0.00021201260902448116,-0.00023131557,20,0.03999770881869444,0.6666666666666666,77789857.20042935,1.2040138e-05,-4038.676875385056,0.9999999994970596,1.915757,-7.040550669579581,2.8908384896538957,0.11053777787361856
0.38038212738097904,-29985.002500000002,-1.0,-1.0404526145360293,2.651288,-5.505924,6.335686,3.065161437627825e-17,0.018342433,89330150.76698528,-8184.65,-8.290149859702112e-05,3709,1.0,-9.729153288184911e-05,-7.1426744e-05,40,0.042729306730884126,0.4444444444444444,113176230.29345733,4.1127205e-06,-4891.684386312386,0.9999999995679388,1.9140711,-5.970445412518543,2.253105601207683,0.09662521485936723
0.3726198839222964,-99775.29973765746,-1.0,-1.1757265660982545,2.7082634,-5.483291,5.9956117,-1.0491587091326691e-17,-0.0064325454,188449740.55513152,-13634.1,8.788633745182572e-05,2709,1.0,0.0001568951049312206,-0.00011664195,60,0.0046725996546695394,0.2962962962962963,252964781.278898,8.285046e-06,-8041.399888585676,0.9999999997800748,1.9113824,-9.663704492784673,0.9668416690284961,0.03763008678404507
