_max_adv,_min_discrew,_max_discrew,_min_obs,_std_act,_min_act,_max_act,_mean_adv,_mean_act,_std_discrew,_MeanReward,ExplainedVarOld,Steps,_lr_multiplier,ExplainedVarNew,PolicyLoss,_Episode,_mean_obs,Beta,ValFuncLoss,KL,_mean_discrew,_std_adv,PolicyEntropy,_min_adv,_max_obs,_std_obs
0.5827424113325514,-0.5393734667413523,-0.0004999999999999449,-0.5774708920187319,2.7053957,-5.828929,4.9002066,4.472338226656807e-17,-0.035747293,0.02447621062801114,-454.0,0.0,1271,1.0,3.3306690738754696e-16,-7.3689676e-05,5,0.05730738395622391,0.6666666666666666,0.026832150160868505,1.1146069e-05,-0.12546807504987156,0.9999692538550651,1.915756,-7.096166310826375,0.7761403628743816,0.045053559702231336
1.3983682375713362,-0.5384510609559272,-0.0004999999999999449,-0.5822760967733621,2.7252474,-4.9939327,4.65854,-7.552269999221614e-17,0.04164844,0.0393660480940557,-625.4,0.0,1129,1.0,0.0,-0.0002047607,10,0.03156337873312954,0.4444444444444444,0.04185132969560275,6.6161156e-06,-0.18223072989536754,0.9999764747129964,1.9178418,-4.477106747341344,0.7027671373424227,0.04528248519658575
1.928035533614026,-0.5462330045857852,-0.0004999999999999449,-0.5947254849362812,2.6469293,-4.989806,5.4803276,4.6900510611227736e-17,0.080952056,0.0542953829028551,-781.2,-2.220446049250313e-16,909,1.0,-2.220446049250313e-16,-0.0003055658,15,0.055452425573458086,0.2962962962962963,0.06404652761541617,1.7464161e-05,-0.2854061329032253,0.9999796597382705,1.9218354,-3.151970665654883,0.7009139099730662,0.02388288666342888
2.829547497206174,-0.6173804317607647,-0.0004999999999999449,-1.9614303043427144,2.6218617,-5.120952,5.212433,0.0,-0.07263385,0.057478992830792115,-864.8,0.0,1327,1.0,1.1102230246251565e-16,-0.00037151124,20,-0.05010846414863379,0.19753086419753085,0.06011978999155025,1.8775463e-05,-0.3446621956379991,0.9999744288438577,1.9259579,-3.5568895767726727,0.6543087380091762,0.10930684106649016
5.19132994262051,-0.6021699805842473,-0.0004999999999999449,-1.2098849285911213,2.812374,-5.65353,6.7210603,-2.2040875866928272e-17,0.02344785,0.038440196004424304,-915.4,0.0,2579,1.0,0.0,5.996654e-06,25,-0.036759247335783785,0.1316872427983539,0.03858054040281986,2.7418137e-06,-0.3089148572784341,0.9999652898930558,1.9275899,-3.4775944921483806,1.841999999999908,0.10718496775520063
