_max_adv,_min_discrew,_max_discrew,_min_obs,_std_act,_min_act,_max_act,_mean_adv,_mean_act,_std_discrew,_MeanReward,ExplainedVarOld,Steps,_lr_multiplier,ExplainedVarNew,PolicyLoss,_Episode,_mean_obs,Beta,ValFuncLoss,KL,_mean_discrew,_std_adv,PolicyEntropy,_min_adv,_max_obs,_std_obs
2.5226953341911287,-1023.7201498920712,-1000.0,-0.9827874395261583,2.686732,-3.8551762,6.253549,2.280925124521722e-16,0.030705428,33.495763435840495,-1011.85,0.0,257,1.0,0.007708859919687838,-0.00070384063,20,-0.03097211616450106,0.6666666666666666,1011446.9017434402,1.7344952e-05,-1006.0033600022026,0.9999999876574451,1.9151146,-1.174341222596546,1.906841823692734,0.10006248672239666
