_max_adv,_min_discrew,_max_discrew,_min_obs,_std_act,_min_act,_max_act,_mean_adv,_mean_act,_std_discrew,_MeanReward,ExplainedVarOld,Steps,_lr_multiplier,ExplainedVarNew,PolicyLoss,_Episode,_mean_obs,Beta,ValFuncLoss,KL,_mean_discrew,_std_adv,PolicyEntropy,_min_adv,_max_obs,_std_obs
0.6009466761006964,-0.5260533706904361,-0.0004999999999999449,-0.6053341549956563,2.6441846,-5.152989,5.5940914,0.0,0.039125524,0.02860823402915219,-619.4,0.0,1099,1.0,0.0,-0.0004715505,5,0.03313661770339301,0.6666666666666666,0.03213863159189636,1.5974045e-05,-0.14738597502008471,0.9999787621104516,1.9152819,-4.703244401188403,0.7835095769007608,0.057034254358985854
1.604382529796024,-0.5493990709725765,-0.0004999999999999449,-0.7059279357523922,2.6737013,-5.254323,5.717561,-8.678384558901987e-17,0.00896591,0.04073218671597316,-661.6,0.0,1310,1.0,0.0,-2.2172382e-05,10,0.04324482388132097,0.4444444444444444,0.04222889695234005,1.9669533e-06,-0.1997500122184754,0.9999744704639512,1.9145746,-4.771659793035715,0.645820398080993,0.06617283434110759
