_max_adv,_min_discrew,_max_discrew,_min_obs,_std_act,_min_act,_max_act,_mean_adv,_mean_act,_std_discrew,_MeanReward,ExplainedVarOld,Steps,_lr_multiplier,ExplainedVarNew,PolicyLoss,_Episode,_mean_obs,Beta,ValFuncLoss,KL,_mean_discrew,_std_adv,PolicyEntropy,_min_adv,_max_obs,_std_obs
0.679689092522691,-0.530770391912746,-0.0004999999999999449,-1.772266390680886,2.5730064,-5.2006917,6.636652,-4.7094796073577475e-17,-0.009506461,0.03429327675449619,-840.8,0.0,1207,1.0,0.0,-0.00010257791,5,-0.07469672262989233,0.6666666666666666,0.05144664271276813,1.0788441e-05,-0.2137403350722675,0.9999811651590012,1.9219105,-4.024334596951946,0.8839514983951144,0.1554023311503046
1.5559363661501673,-0.525816278829851,-0.0004999999999999449,-0.5504975741932384,2.5923853,-5.3040195,4.8954396,2.5019110414088035e-17,0.0019168023,0.018470483623416946,-427.0,2.220446049250313e-16,1136,1.0,0.0,-0.00012950943,10,0.05316663624890975,0.4444444444444444,0.01897581610200582,1.1205673e-05,-0.10444542002142113,0.9999694523863899,1.9187858,-6.073388397847177,0.7890700136408189,0.04510829355540678
