_max_adv,_min_discrew,_max_discrew,_min_obs,_std_act,_min_act,_max_act,_mean_adv,_mean_act,_std_discrew,_MeanReward,ExplainedVarOld,Steps,_lr_multiplier,ExplainedVarNew,PolicyLoss,_Episode,_mean_obs,Beta,ValFuncLoss,KL,_mean_discrew,_std_adv,PolicyEntropy,_min_adv,_max_obs,_std_obs
0.5690830559695446,-39970.00999875,-1.0,-1.2437291497739025,2.7751515,-6.1234813,5.8479877,-5.676232981821058e-17,-0.057378754,110139300.24594504,-15673.7,0.0,3505,1.0,0.00019346310606960238,-0.00014940495,20,0.14920041683123758,0.6666666666666666,283237189.21595865,1.1563301e-05,-13164.601868898824,0.9999999996566724,1.9220495,-6.089127736619309,4.519519034643354,0.2778211169116037
0.32228101610045184,-69895.08745626314,-1.0,-1.380329149306598,2.6669772,-5.383931,5.919321,5.099589012632298e-17,0.043634333,116212298.99247119,-10124.4,-5.626522995738625e-06,2508,1.0,5.3699486457059464e-05,-0.00019427597,40,-0.009202502102039501,0.4444444444444444,138739769.34234586,1.5199184e-05,-4750.164262332135,0.999999999727306,1.9257112,-8.655613772543667,1.0998219895675492,0.03985328821879271
0.37712230018287823,-29985.002500000002,-1.0,-1.1299349223473087,2.7269063,-5.103661,6.34549,0.0,0.014894619,105456770.11855179,-7655.15,0.00012247027583489611,3118,1.0,0.0001908239905086262,-0.000102397105,60,0.04097078217718145,0.2962962962962963,141866576.41459998,2.026558e-06,-6041.907715207126,0.9999999995658828,1.9261723,-6.003159211219108,1.2678611004108473,0.04190096790011215
