_max_adv,_min_discrew,_max_discrew,_min_obs,_std_act,_min_act,_max_act,_mean_adv,_mean_act,_std_discrew,_MeanReward,ExplainedVarOld,Steps,_lr_multiplier,ExplainedVarNew,PolicyLoss,_Episode,_mean_obs,Beta,ValFuncLoss,KL,_mean_discrew,_std_adv,PolicyEntropy,_min_adv,_max_obs,_std_obs
0.6782316949077977,-1222.0264640918808,-1.0,-3.9967613067819245,2.6113255,-5.796044,5.3303714,3.8167022511733227e-17,0.006834156,189628.95323087016,-772.85,0.0,4468,1.0,0.0009350814971849086,-0.00021817947,20,-0.13492418924799912,0.6666666666666666,410825.09862931113,1.5497208e-05,-479.1096175685415,0.999999990549076,1.9153414,-4.0425048236252765,1.3084796750240042,0.23782853600730114
0.7048047224645723,-1394.1514803691268,-1.0,-1.508225849192464,2.7290602,-5.3575883,6.6141315,-2.977264311159252e-17,-0.01673987,224961.20685656095,-831.4,0.004939400788763426,7637,1.0,0.012147699007363677,-4.3105123e-05,40,-0.02990276238351726,0.4444444444444444,594749.2241997301,3.2186508e-06,-634.8960927466263,0.9999999869930718,1.9139845,-5.8901451054406255,1.840999999999908,0.12410031923024456
0.901455664290198,-1540.0760778157235,-1.0,-0.8755736591020501,2.6787686,-6.9014025,5.7274966,1.5687434486217196e-17,-0.03376197,244408.91467987603,-512.2,0.02774759496208501,7247,1.0,0.04101363202160069,-3.3569788e-05,60,0.06255465949648417,0.2962962962962963,410351.59880184894,3.9339066e-06,-444.26990413178623,0.9999999788301666,1.9158543,-9.975741425019727,1.5529999999999398,0.08894665896999521
0.8955264576166995,-1585.100911399896,-1.0,-1.0095738994754497,2.688599,-5.93043,5.7633543,1.4214803271666354e-16,-0.04017219,321795.4205096128,-659.6,0.04728465794053971,7198,1.0,0.06165058715651406,-4.4778044e-05,80,0.045011437579736274,0.19753086419753085,665887.7227224513,1.6093254e-06,-641.1777833850273,0.9999999845375879,1.9149599,-7.155947542769603,1.758999999999917,0.1061390068618282
