_max_adv,_min_discrew,_max_discrew,_min_obs,_std_act,_min_act,_max_act,_mean_adv,_mean_act,_std_discrew,_MeanReward,ExplainedVarOld,Steps,_lr_multiplier,ExplainedVarNew,PolicyLoss,_Episode,_mean_obs,Beta,ValFuncLoss,KL,_mean_discrew,_std_adv,PolicyEntropy,_min_adv,_max_obs,_std_obs
1.045895860455923,-1059.6615168970177,-1.0,-0.7686685469799498,2.778403,-5.0894375,6.2983737,1.1600697726695514e-16,-0.022599652,216061.15568534474,-847.25,0.0,1960,1.0,0.005350758227134156,-0.00022052697,20,-0.009286561651654604,0.6666666666666666,586857.8588980862,1.7046928e-05,-612.1123082418031,0.9999999933128529,1.9151566,-2.2943341164433173,1.1671610506291996,0.08142918257646033
1.2528480153975876,-1059.6615168970177,-1.0,-1.055582748563046,2.658765,-5.5302606,5.3176193,2.1979455292845766e-16,0.025628138,182400.2915172002,-942.9,0.007733546078652065,1875,1.0,0.015075461590283279,-0.00016769193,40,0.01927022909377145,0.4444444444444444,714110.3390625075,5.841255e-06,-734.957392518964,0.9999999931946544,1.9135863,-2.1418046678053773,2.988781635024665,0.15707345812263235
0.6505399586949263,-1444.6446217698997,-1.0,-2.3762606877158423,2.7049317,-7.226948,7.3228664,2.774202970268815e-17,-0.065524325,275720.00070699747,-804.3,-0.05596577813507131,4098,1.0,0.05058684413125347,-7.970785e-05,60,1.1361045667244163,0.2962962962962963,788277.9088765868,3.7550926e-06,-757.6554457834876,0.999999991260279,1.9149421,-4.282711974084812,29.163399751538947,11.792503658303737
