_max_adv,_min_discrew,_max_discrew,_min_obs,_std_act,_min_act,_max_act,_mean_adv,_mean_act,_std_discrew,_MeanReward,ExplainedVarOld,Steps,_lr_multiplier,ExplainedVarNew,PolicyLoss,_Episode,_mean_obs,Beta,ValFuncLoss,KL,_mean_discrew,_std_adv,PolicyEntropy,_min_adv,_max_obs,_std_obs
0.6330828934021153,-0.5331112681523803,-0.0004999999999999449,-0.583775419132493,2.5288668,-4.7197433,5.4552703,8.921612825687356e-17,0.0240959,0.03583475435486515,-622.6,0.0,1115,1.0,-2.220446049250313e-16,-0.00021368597,5,0.10573179089601717,0.6666666666666666,0.04221706645641846,1.5556812e-05,-0.16912108130241632,0.9999785984318169,1.9225594,-4.711987358679355,0.7828850490269699,0.05431446108464714
1.426881614733297,-0.5347429295896217,-0.0004999999999999449,-0.5646157818571521,2.4245896,-5.1435924,4.67927,8.95642103899286e-17,0.04760428,0.04057173748606039,-590.0,0.0,952,1.0,0.0,-0.00013066072,10,0.10996417739947072,0.4444444444444444,0.04198140964674894,1.3828278e-05,-0.1737067347300287,0.999978081224659,1.9260974,-4.047362523975237,0.7291803095944654,0.04178310428796192
2.328600616413038,-0.627016260821992,-0.0004999999999999449,-0.9679533189551196,2.9865596,-6.8134055,6.2571106,6.287988812036285e-17,-0.043241248,0.05421467299886644,-915.8,0.0,1582,1.0,0.0,-4.3698754e-05,15,-0.03564042206536234,0.2962962962962963,0.06295910210612064,1.66893e-06,-0.3440736048448418,0.9999737611780206,1.9250002,-4.2245881602083255,0.7108178491609822,0.08713956359177956
