_max_adv,_min_discrew,_max_discrew,_min_obs,_std_act,_min_act,_max_act,_mean_adv,_mean_act,_std_discrew,_MeanReward,ExplainedVarOld,Steps,_lr_multiplier,ExplainedVarNew,PolicyLoss,_Episode,_mean_obs,Beta,ValFuncLoss,KL,_mean_discrew,_std_adv,PolicyEntropy,_min_adv,_max_obs,_std_obs
0.6930237298738247,-161.8012255663467,-0.1502469187070394,-1.5000746681130872,2.7558382,-5.2107015,6.110556,3.296417238506612e-17,0.048666187,3617.162510322799,-765.0,0.0,4311,1.0,0.0,-0.00023811878,20,-0.0036174246449257614,0.6666666666666666,7848.87024838378,1.21593475e-05,-65.39164648784441,0.9999999379653403,1.9157364,-3.9625743130541915,0.9396984638376903,0.0799812181816266
0.6006949043097608,-167.91453625206597,-0.15415139445816,-0.8623170006720273,2.6518724,-5.119558,5.7107277,0.0,0.001536562,2625.18851371109,-604.55,0.0,5098,1.0,0.0,-7.72448e-05,40,0.009355940815850781,0.4444444444444444,4791.1167435576945,2.4437904e-06,-47.243189653292724,0.9999999218228937,1.9149542,-5.418834653637801,0.6839624105003522,0.06451278855483243
0.6119229221133168,-169.7056163384827,-0.1571831555787828,-0.7685275315642941,2.7120392,-5.8871803,5.906076,0.0,0.001167371,2757.4365773817044,-545.6,0.0,4918,1.0,0.0,-0.00011762575,60,0.026133537196965193,0.2962962962962963,4726.373583561963,6.2584877e-06,-45.405819600577495,0.9999999193930014,1.9172093,-5.7167733625135195,0.6700920990297218,0.05497214676134683
