_max_adv,_min_discrew,_max_discrew,_min_obs,_std_act,_min_act,_max_act,_mean_adv,_mean_act,_std_discrew,_MeanReward,ExplainedVarOld,Steps,_lr_multiplier,ExplainedVarNew,PolicyLoss,_Episode,_mean_obs,Beta,ValFuncLoss,KL,_mean_discrew,_std_adv,PolicyEntropy,_min_adv,_max_obs,_std_obs
0.5915247865113163,-292.56285671197264,-0.218536493341354,-1.154247466367024,2.7231805,-6.6364865,5.3832073,-3.1773850676807164e-17,-0.021476027,7851.329390036755,-707.45,0.0,7156,1.0,0.0,-6.9134694e-05,20,-0.01957256921208557,0.6666666666666666,17772.478062406102,3.1590462e-06,-100.1932340532879,0.9999999356274597,1.9178389,-6.435316084121805,1.395999999999957,0.08010281329759344
