_max_adv,_min_discrew,_max_discrew,_min_obs,_std_act,_min_act,_max_act,_mean_adv,_mean_act,_std_discrew,_MeanReward,ExplainedVarOld,Steps,_lr_multiplier,ExplainedVarNew,PolicyLoss,_Episode,_mean_obs,Beta,ValFuncLoss,KL,_mean_discrew,_std_adv,PolicyEntropy,_min_adv,_max_obs,_std_obs
0.6134983503622078,-0.5469133148103807,-0.0004999999999999449,-1.8723918133672315,2.6691282,-5.340812,6.512519,-1.4982450938536642e-17,0.013841191,0.029699978914632386,-779.0,0.0,1897,1.0,0.0,-9.160021e-05,5,-0.0651032984522176,0.6666666666666666,0.03458670777866248,1.8179417e-05,-0.22719938547393467,0.9999728398226188,1.9150404,-6.169802009795061,1.051999999999995,0.1214978168891423
2.7120436077735364,-0.6334882988569107,-0.0004999999999999449,-1.425362042914535,2.6515048,-5.5649953,5.1811123,0.0,-0.06730042,0.06062645930208331,-735.6,0.0,1680,1.0,-2.220446049250313e-16,-0.00022716523,10,0.00437584675470417,0.4444444444444444,0.06432854207728463,2.3007393e-05,-0.29887024457147654,0.999969917144194,1.9103495,-4.801206135158442,0.7306392940700177,0.07277928769926945
3.4137363842693174,-0.5444138458852946,-0.0004999999999999449,-0.6127276332921637,2.7465935,-4.524949,5.52496,3.8800968505671e-17,-0.013829462,0.03715175466175379,-692.6,0.0,1465,1.0,0.0,-8.260299e-05,15,0.04314961995574907,0.2962962962962963,0.04011721532096463,3.4570694e-06,-0.19830046283740077,0.9999722931200199,1.9119049,-3.506104822885089,0.7435834355555331,0.05614456731939586
