_max_adv,_min_discrew,_max_discrew,_min_obs,_std_act,_min_act,_max_act,_mean_adv,_mean_act,_std_discrew,_MeanReward,ExplainedVarOld,Steps,_lr_multiplier,ExplainedVarNew,PolicyLoss,_Episode,_mean_obs,Beta,ValFuncLoss,KL,_mean_discrew,_std_adv,PolicyEntropy,_min_adv,_max_obs,_std_obs
0.7193951218032911,-184.39308417760205,-0.1521096011524926,-2.1641922987340076,2.6327837,-4.561253,7.0356855,0.0,-0.05872512,5191.517405584943,-862.6,0.0,1316,1.0,0.0,-0.00018789522,5,-0.058996944168562555,0.6666666666666666,15791.926649147119,1.2040138e-05,-103.06474972988131,0.9999999352064917,1.9221323,-4.203534440604099,0.681836486392902,0.11962496698678535
0.6030054690786004,-206.3160652175826,-0.1559046595104001,-1.1888502986013114,2.7904406,-5.138125,5.999407,3.5416460349413095e-17,-0.04195854,6690.297374169608,-720.6,0.0,1605,1.0,0.0,-7.5023345e-05,10,-0.0034772264699467373,0.4444444444444444,17666.43737010849,2.2053719e-06,-105.00165707250234,0.9999999187770294,1.9213017,-5.72218293366459,0.7810000000000006,0.09410990754757154
0.6018395890514383,-174.5991038810418,-0.1608271233436679,-0.5270827097957645,2.6155307,-5.811892,5.7755237,-1.4221012581331527e-16,-0.016241413,2492.320046755814,-479.6,0.0,1399,1.0,0.0,-8.700202e-05,15,0.04039433784213251,0.2962962962962963,4247.627019897908,8.285046e-06,-42.218245724201815,0.9999998998211356,1.9184316,-7.445844162484679,0.6592202110803391,0.04949282310272529
