_max_adv,_min_discrew,_max_discrew,_min_obs,_std_act,_min_act,_max_act,_mean_adv,_mean_act,_std_discrew,_MeanReward,ExplainedVarOld,Steps,_lr_multiplier,ExplainedVarNew,PolicyLoss,_Episode,_mean_obs,Beta,ValFuncLoss,KL,_mean_discrew,_std_adv,PolicyEntropy,_min_adv,_max_obs,_std_obs
0.47573719587706403,-79969.59484392291,-1.0,-0.8933670732372797,2.5557504,-6.046059,6.037468,-1.912631859381158e-17,-0.008346626,178170833.47672284,-15647.05,0.0,2972,1.0,0.0003451156058638105,-0.00016072253,20,0.07443836688755497,0.6666666666666666,335932057.390346,1.2040138e-05,-12566.717248641213,0.9999999997459629,1.9157612,-8.990737434343238,3.238598882222244,0.17899519726755614
0.6482906210304945,-29985.002500000002,-1.0,-1.057332989398305,2.7471325,-6.5573525,6.340646,4.637334751153663e-17,-0.048517477,95634681.51400003,-15136.4,0.00010963609026992671,2758,1.0,0.000261880513092394,-0.00025192005,40,-0.022081373562189095,0.4444444444444444,277739093.6395648,1.3530254e-05,-13500.288811927136,0.9999999996609161,1.9124328,-4.334627457292492,0.8347300375934894,0.04093213434312732
0.5396819622819136,-29985.002500000002,-1.0,-1.2377715095131312,2.8988848,-6.3607945,5.73531,-3.684750574382542e-17,-0.007183441,108502390.50056525,-12614.45,6.055897275225597e-05,2314,1.0,0.00012593006378969207,-0.00021425389,60,-0.025060600360120165,0.2962962962962963,174705632.4111411,2.861023e-06,-8143.373981517372,0.9999999996987057,1.9124024,-3.888562185102168,0.6460106258451206,0.030120754782169155
0.47589171086728965,-59925.04998125376,-1.0,-0.9554220456452716,2.6604197,-5.038591,5.9149137,-4.8901771215423276e-17,0.02305367,181359129.83641613,-14143.9,7.660001845566367e-05,2906,1.0,0.00015745931722710438,-0.00017993567,80,0.0004836697877886423,0.19753086419753085,277121096.16114664,6.7949295e-06,-9795.940115722897,0.9999999997341825,1.9101857,-7.101547745473037,0.8706065057682743,0.038497924401600325
