_max_adv,_min_discrew,_max_discrew,_min_obs,_std_act,_min_act,_max_act,_mean_adv,_mean_act,_std_discrew,_MeanReward,ExplainedVarOld,Steps,_lr_multiplier,ExplainedVarNew,PolicyLoss,_Episode,_mean_obs,Beta,ValFuncLoss,KL,_mean_discrew,_std_adv,PolicyEntropy,_min_adv,_max_obs,_std_obs
0.6034276226976071,-185.96639899295369,-0.17129779204934775,-0.5684163092222141,2.7040215,-6.236793,6.2544527,-9.089493321736241e-17,-0.01633448,3651.5612280770247,-599.8,0.0,5003,1.0,0.0,-9.9090525e-05,20,0.07722310259538881,0.6666666666666666,6632.016329450321,1.1146069e-05,-54.996777464638974,0.9999999304268288,1.915901,-5.349478952756146,0.7710908897930154,0.047922479238260526
