_max_adv,_min_discrew,_max_discrew,_min_obs,_std_act,_min_act,_max_act,_mean_adv,_mean_act,_std_discrew,_MeanReward,ExplainedVarOld,Steps,_lr_multiplier,ExplainedVarNew,PolicyLoss,_Episode,_mean_obs,Beta,ValFuncLoss,KL,_mean_discrew,_std_adv,PolicyEntropy,_min_adv,_max_obs,_std_obs
0.8418228473270465,-1275.360164978202,-1.0,-2.4831982119235576,2.6208284,-6.0236297,4.953434,-1.689756803234483e-17,-0.029326057,186717.63992696648,-1017.35,0.0,3364,1.0,0.004577296757733662,-0.0001988569,20,-0.03830241190799074,0.6666666666666666,768064.7904959827,1.4364719e-05,-768.230764961084,0.9999999925905854,1.9154767,-2.859179717967844,1.1773890020882953,0.13035424105072388
1.126844740294554,-1129.8022215239046,-1.0,-0.9965800878447276,2.6278725,-5.208231,7.181831,-1.7217824838842757e-16,0.034252964,161985.82436757922,-1014.65,0.002584466201212554,2311,1.0,0.005294121792438045,-0.0004217331,40,0.017194369823031116,0.4444444444444444,718974.4206910358,1.9907951e-05,-752.5928887406434,0.999999993144593,1.9113091,-2.3187807283063404,0.7860373609777939,0.043753178217270504
0.9105413298438018,-1200.3298058531195,-1.0,-1.0711574208144516,2.547657,-5.925104,5.786071,-2.3905312828216046e-16,-0.03335148,175000.4710145496,-1015.6,0.004746642163745873,3329,1.0,0.00813462125311204,-0.00010561933,60,0.04035908144637412,0.2962962962962963,710842.2781751897,7.2717667e-06,-741.7135549577982,0.9999999924739045,1.908968,-2.865303300885812,0.8014481386930805,0.05321631122038092
