_max_adv,_min_discrew,_max_discrew,_min_obs,_std_act,_min_act,_max_act,_mean_adv,_mean_act,_std_discrew,_MeanReward,ExplainedVarOld,Steps,_lr_multiplier,ExplainedVarNew,PolicyLoss,_Episode,_mean_obs,Beta,ValFuncLoss,KL,_mean_discrew,_std_adv,PolicyEntropy,_min_adv,_max_obs,_std_obs
0.5035148939500665,-29985.002500000002,-1.0,-1.145076084592151,2.833829,-5.7684593,5.5785666,1.9466924267400005e-17,0.02529631,99378039.48108394,-10145.0,0.0,2920,1.0,7.399555363052368e-05,-0.00014768593,20,0.09521758607655936,0.6666666666666666,151842675.72599706,9.179115e-06,-7246.544022019912,0.9999999996228311,1.9162518,-5.0387011382389435,2.202470899348496,0.1214372980749241
0.3266175772945787,-129610.7141070539,-1.0,-0.8490648698566181,2.7411087,-5.4769506,5.828898,9.75852684305717e-17,0.022795036,1112809620.2459393,-14673.3,7.000010842528326e-06,3495,1.0,5.543839071864287e-05,-0.0001141997,40,0.03781528569540121,0.4444444444444444,1321372785.3129284,1.335144e-05,-14452.176851415754,0.9999999998199819,1.912674,-10.038798204696096,1.9711217823348177,0.06410196648914623
0.47314261806268704,-29985.002500000002,-1.0,-0.8478632538893686,2.6772463,-5.78681,6.1329994,6.370200096467092e-17,0.03546841,92270445.48625591,-9132.95,-5.883824835617446e-05,2677,1.0,-8.713988394060124e-05,-0.00015437917,60,0.003785741283525926,0.2962962962962963,144304243.76654315,3.9339066e-06,-7220.23764151959,0.9999999996260884,1.9111952,-5.023154242065619,0.9789759688220269,0.03815759687852065
0.624264398023593,-39970.00999875,-1.0,-1.077942783077833,2.6255767,-5.1899834,5.6316524,-9.470395589545949e-17,-0.046884656,81949677.00575332,-13133.75,0.00010173195977147831,2701,1.0,0.00014956865108339823,-0.0002150977,80,-0.020179656526246047,0.19753086419753085,190850276.54680815,4.827976e-06,-10447.187363421719,0.999999999644496,1.9126165,-6.271094589487148,0.7600783304903806,0.035162862264087456
