_max_adv,_min_discrew,_max_discrew,_min_obs,_std_act,_min_act,_max_act,_mean_adv,_mean_act,_std_discrew,_MeanReward,ExplainedVarOld,Steps,_lr_multiplier,ExplainedVarNew,PolicyLoss,_Episode,_mean_obs,Beta,ValFuncLoss,KL,_mean_discrew,_std_adv,PolicyEntropy,_min_adv,_max_obs,_std_obs
1.2608708737350052,-29985.002500000002,-9095.150565047328,-1.137940160175126,2.7554903,-5.1265597,5.6443043,-1.2009172998762255e-16,-0.0047084503,29228116.275935154,-14051.85,0.0,1065,1.0,-5.639227341758257e-05,-0.00014382064,20,0.021468824901470028,0.6666666666666666,180204826.18671077,1.1622906e-05,-12288.561193784602,0.9999999996354199,1.9220588,-4.075034158853297,2.3316739492034633,0.08819070272271558
0.6244296737156524,-79860.13991253501,-1.0,-1.3741635140560795,2.7938194,-4.9249053,5.598134,8.280177547095123e-17,0.0662482,333931980.57887125,-17066.95,1.3654480960356707e-06,1373,1.0,7.735508193773555e-06,-4.169026e-05,40,0.04023490116425925,0.4444444444444444,520986270.9594479,2.503395e-06,-13678.956160443277,0.9999999998198679,1.9232223,-6.084745465971363,2.0328978968953884,0.07844417847575394
0.7658087469002411,-59925.04998125376,-1.0,-0.9144108626822,2.6341138,-5.567147,5.2844095,-1.3805882171504537e-17,0.061318472,43735539.14046335,-12076.0,-4.193569311250478e-05,1544,1.0,-5.6460175001937785e-05,-1.0347806e-05,60,0.038057613019927244,0.2962962962962963,126023062.80506396,1.66893e-06,-9075.514083885691,0.9999999996596757,1.9220393,-8.935348465588255,1.4409212126959363,0.04596828082065922
1.0403420843483127,-29985.002500000002,-1.0,-1.1575768492487348,2.8223276,-6.566916,4.8762097,1.1198467072657214e-17,0.053014528,45987383.73676105,-12062.25,0.000333604218824779,1269,1.0,0.00043215251782158237,-0.00018285184,80,0.030732698191885646,0.19753086419753085,132181519.00582239,1.603365e-05,-9288.166106308643,0.9999999995820413,1.9259001,-5.099679526628648,2.8896165555061266,0.10435831349261089
0.9872047491668454,-29985.002500000002,-1.0,-1.0925510089209005,2.8446531,-5.9373593,4.677649,3.550494619663211e-17,0.0032513957,82258296.66362715,-14078.65,1.8558042494620786e-05,1601,1.0,0.00011154679467995088,-8.004531e-05,100,0.000624455991784375,0.1316872427983539,234389855.48829886,2.2053719e-06,-12339.333760753498,0.9999999996402801,1.9261892,-4.29861913501545,1.2754708742947152,0.06139652384055229
