_max_adv,_min_discrew,_max_discrew,_min_obs,_std_act,_min_act,_max_act,_mean_adv,_mean_act,_std_discrew,_MeanReward,ExplainedVarOld,Steps,_lr_multiplier,ExplainedVarNew,PolicyLoss,_Episode,_mean_obs,Beta,ValFuncLoss,KL,_mean_discrew,_std_adv,PolicyEntropy,_min_adv,_max_obs,_std_obs
0.647144183395419,-0.5295955562265634,-0.0004999999999999449,-3.149099267262377,2.7733927,-6.5759478,5.9617147,9.411162063047685e-17,-0.015188948,0.019773152184580412,-683.0,0.0,2416,1.0,0.0,-2.2498187e-05,5,-0.2783032724026012,0.6666666666666666,0.03274161714285475,2.1457672e-06,-0.1887464093212393,0.9999580183215983,1.9175879,-9.83789004343132,1.1389999999999854,0.23744473598216975
1.5737169594515157,-0.5300658430692258,-0.0004999999999999449,-0.6521839566228544,2.70631,-4.705923,6.3504434,6.983220990271255e-17,0.09516397,0.04666353743786577,-962.0,0.0,814,1.0,0.0,-5.6967394e-05,10,0.058391143619774634,0.4444444444444444,0.10121096018310917,1.4305115e-06,-0.3332412049474984,0.9999824476447238,1.9165986,-2.8100030070518076,0.6983750211675445,0.039564080326737756
1.750978658355159,-0.525816278829851,-0.0004999999999999449,-0.6078962062005286,2.7695975,-5.602422,5.2075763,5.0572436708903925e-17,-0.0112814475,0.022478169890817166,-680.6,1.1102230246251565e-16,1405,1.0,1.1102230246251565e-16,-0.00012061012,15,0.01992906182210719,0.2962962962962963,0.023022584956620053,2.6226044e-06,-0.15829074747701757,0.9999731799306932,1.9180562,-4.947378563922342,0.7182064028563397,0.0719126787833344
