_max_adv,_min_discrew,_max_discrew,_min_obs,_std_act,_min_act,_max_act,_mean_adv,_mean_act,_std_discrew,_MeanReward,ExplainedVarOld,Steps,_lr_multiplier,ExplainedVarNew,PolicyLoss,_Episode,_mean_obs,Beta,ValFuncLoss,KL,_mean_discrew,_std_adv,PolicyEntropy,_min_adv,_max_obs,_std_obs
2.877751362704773,-805.15270856068,-1.0,-12.034925404423689,2.7339036,-6.5389357,6.035892,-1.4311031938773418e-17,-0.01531139,40236.600564382265,-198.6,0.0,3972,1.0,0.02157461909798075,-0.00012960036,20,0.09934128115203983,0.6666666666666666,74282.47346760941,1.23381615e-05,-200.02096192659667,0.9999998472475374,1.9157816,-0.7733606478392228,4.307692696231278,2.4444988512102164
2.4412354507956295,-336.2049542013576,-1.0,-1.0237037497532044,2.6892393,-5.447565,5.1350956,-2.800825424863839e-16,0.06546416,8038.013893180401,-106.55,0.007462709223329145,2131,1.0,0.009778649167090037,-0.0003736168,40,0.01340343320888483,0.4444444444444444,16681.765478253965,1.859665e-05,-97.37893562452322,0.9999998714512334,1.9118133,-1.2103015647803406,0.7652667127173802,0.04108109738077361
2.418226278013177,-298.3356660648156,-1.0,-1.0999130853460797,2.646407,-5.429963,5.254211,2.291046886463377e-16,0.036768965,6044.389665387721,-111.65,0.005619111844325286,2233,1.0,0.005680310772994246,-0.00016358461,60,0.01311135134271525,0.2962962962962963,12495.692196272405,3.1590462e-06,-85.7976646859352,0.9999998715847982,1.9127579,-1.303457703005839,0.7891499591143282,0.03506925741171009
