_max_adv,_min_discrew,_max_discrew,_min_obs,_std_act,_min_act,_max_act,_mean_adv,_mean_act,_std_discrew,_MeanReward,ExplainedVarOld,Steps,_lr_multiplier,ExplainedVarNew,PolicyLoss,_Episode,_mean_obs,Beta,ValFuncLoss,KL,_mean_discrew,_std_adv,PolicyEntropy,_min_adv,_max_obs,_std_obs
0.5995839193811996,-197.8510542753369,-0.13794525171668748,-2.0366527419057547,2.6994557,-5.625348,6.4790435,0.0,-0.008833588,3372.4225364131275,-648.8,0.0,7981,1.0,0.0,-3.702984e-05,20,-0.05137837040908916,0.6666666666666666,7302.928983178485,6.377697e-06,-63.35149465209875,0.9999998745993807,1.9168272,-8.040977163384209,1.2749999999999704,0.13104462436432585
0.6723655953134977,-201.15707894585807,-0.14257520007681468,-0.9146833489220683,2.7426476,-5.5774693,5.774356,-7.257378724648326e-17,-0.035914574,5170.625155002221,-812.8,0.0,6266,1.0,0.0,-0.00018224458,40,0.022008995469777196,0.4444444444444444,13963.45648272795,1.4543533e-05,-95.0039669783375,0.9999999201223349,1.9202696,-5.016227278622486,1.0579999999999943,0.0688432637818195
0.7260067772916601,-208.16302315200497,-0.151590494030425,-1.0276722788820043,2.7483234,-7.0983615,5.268191,8.088336017066224e-17,-0.026892079,4573.934992343435,-553.95,0.0,8082,1.0,0.0,-5.1026826e-05,60,0.03690988867313121,0.2962962962962963,9153.77185813538,1.9669533e-06,-69.62778149650978,0.9999998529144343,1.920546,-10.411232035190828,2.1649999999998726,0.08765002833603297
0.670628120682538,-211.73453458357545,-0.15380620401992798,-1.0162732911522752,2.6548662,-5.8838778,6.232766,-1.004300686586714e-17,-0.024581995,5665.671473844912,-632.65,0.0,5660,1.0,0.0,-4.9355873e-05,80,0.03669508484614351,0.19753086419753085,11164.255428714825,2.6226044e-06,-76.55570132777582,0.9999999171963972,1.9194167,-5.690858070443014,0.9450000000000007,0.060845913649417285
0.7071225069886407,-226.73653821833662,-0.1581159204762006,-0.8867559266849774,2.712653,-6.9560075,7.2679796,1.5327873496240532e-17,-0.021801503,5598.2659012166205,-620.6,0.0,7417,1.0,0.0,-0.00012255309,100,0.03616044023550475,0.1316872427983539,11779.140195364771,1.3053417e-05,-81.63767706301319,0.9999998931464353,1.9228971,-7.7320549672180245,2.00699999999989,0.08719775562655692
