_max_adv,_min_discrew,_max_discrew,_min_obs,_std_act,_min_act,_max_act,_mean_adv,_mean_act,_std_discrew,_MeanReward,ExplainedVarOld,Steps,_lr_multiplier,ExplainedVarNew,PolicyLoss,_Episode,_mean_obs,Beta,ValFuncLoss,KL,_mean_discrew,_std_adv,PolicyEntropy,_min_adv,_max_obs,_std_obs
0.4146496719411476,-59925.04998125376,-1.0,-1.1084169098789145,2.6566002,-5.233111,6.504818,-8.881784197001253e-17,0.014342673,135806262.82965973,-10634.95,0.0,2720,1.0,0.0,-0.00040103268,20,0.08097191292264783,0.6666666666666666,192589753.62613398,1.2278557e-05,-7537.60720925227,0.9999999997047643,1.9221575,-8.000766494180043,2.9615148828704903,0.10600418219532944
0.5374666195195092,-39970.00999875,-1.0,-1.5127461047453372,2.7235703,-5.528339,6.181105,2.1115683083509663e-17,-0.009940107,188105438.25075763,-15133.1,0.0,2692,1.0,0.0,-8.0772705e-05,40,-0.014448843574681822,0.4444444444444444,303096910.146467,1.9669533e-06,-10727.908870307332,0.9999999997192648,1.9226748,-4.9068839710168035,1.0413028482312514,0.06316536866903043
