_max_adv,_min_discrew,_max_discrew,_min_obs,_std_act,_min_act,_max_act,_mean_adv,_mean_act,_std_discrew,_MeanReward,ExplainedVarOld,Steps,_lr_multiplier,ExplainedVarNew,PolicyLoss,_Episode,_mean_obs,Beta,ValFuncLoss,KL,_mean_discrew,_std_adv,PolicyEntropy,_min_adv,_max_obs,_std_obs
0.6604028020371132,-157.62392336733956,-0.14494692803396297,-0.5647442949451714,2.5993052,-5.1716065,6.1765895,-2.0457084522843576e-17,0.036963843,3508.308380899906,-657.95,0.0,4168,1.0,0.0,-5.7984907e-05,20,0.04887679795739454,0.6666666666666666,6568.8258741960435,5.1259995e-06,-55.66166656256913,0.9999999314506633,1.9171498,-4.302637157284989,0.7355131755453763,0.042921288549979245
0.6317653041826302,-195.3973472084557,-0.1519240726154826,-2.0957124978384236,2.7289956,-5.713333,5.9563084,6.708177472878952e-17,-0.017120026,4142.860291657954,-738.55,0.0,6779,1.0,0.0,-5.425989e-05,40,-0.04335170502485129,0.4444444444444444,9766.635672054608,1.2040138e-05,-75.93883718014669,0.9999999149337832,1.9138997,-5.823576084750295,1.6089999999999336,0.11794876383363942
