_max_adv,_min_discrew,_max_discrew,_min_obs,_std_act,_min_act,_max_act,_mean_adv,_mean_act,_std_discrew,_MeanReward,ExplainedVarOld,Steps,_lr_multiplier,ExplainedVarNew,PolicyLoss,_Episode,_mean_obs,Beta,ValFuncLoss,KL,_mean_discrew,_std_adv,PolicyEntropy,_min_adv,_max_obs,_std_obs
0.5933172748885185,-214.56302735812366,-0.19479196079661706,-0.6354360015586463,2.6391156,-6.9989977,5.584925,-7.74961402328671e-17,0.010217797,4117.732267176761,-593.1,0.0,5868,1.0,0.0,-0.00011612679,20,0.07047676502924413,0.6666666666666666,8126.376833136688,1.2457371e-05,-63.792781858595355,0.999999929652306,1.915709,-6.251413880252294,0.9220000000000007,0.05374912958951219
