_max_adv,_min_discrew,_max_discrew,_min_obs,_std_act,_min_act,_max_act,_mean_adv,_mean_act,_std_discrew,_MeanReward,ExplainedVarOld,Steps,_lr_multiplier,ExplainedVarNew,PolicyLoss,_Episode,_mean_obs,Beta,ValFuncLoss,KL,_mean_discrew,_std_adv,PolicyEntropy,_min_adv,_max_obs,_std_obs
0.620833366928394,-249.55983668432236,-0.17455066820587642,-0.667313429666346,2.6350596,-5.5704,5.9979,8.062896292313194e-17,-0.00868049,6668.820453691012,-837.3,0.0,7755,1.0,0.0,-7.691162e-05,20,0.04395286544739959,0.6666666666666666,18154.53777904148,1.1205673e-05,-107.82463176227186,0.9999999253343888,1.9159024,-5.88911646307651,2.0859999999998813,0.08682979234762683
