_max_adv,_min_discrew,_max_discrew,_min_obs,_std_act,_min_act,_max_act,_mean_adv,_mean_act,_std_discrew,_MeanReward,ExplainedVarOld,Steps,_lr_multiplier,ExplainedVarNew,PolicyLoss,_Episode,_mean_obs,Beta,ValFuncLoss,KL,_mean_discrew,_std_adv,PolicyEntropy,_min_adv,_max_obs,_std_obs
0.6714912809337494,-0.6015726383124339,-0.0004999999999999449,-2.239570917505642,2.7870045,-6.2605314,6.0266666,-9.986545829375969e-18,-0.010619257,0.03768549336331549,-769.0,0.0,2846,1.0,2.220446049250313e-16,-0.00019092206,5,-0.15283560416074315,0.6666666666666666,0.04140732556399089,1.5556812e-05,-0.2665632732099802,0.9999543458214598,1.9225717,-10.730769951230704,1.8389999999999083,0.20539390990432418
3.784890835992411,-0.7021831931858582,-0.0004999999999999449,-1.0130169529380904,2.6990933,-5.3821507,5.8901873,4.05252510889791e-17,-0.040836677,0.061466819487289215,-1020.2,-2.220446049250313e-16,2104,1.0,0.0,-0.00012171178,10,0.03751639781598429,0.4444444444444444,0.07294645523084915,7.3313713e-06,-0.4053439375618851,0.9999674088622583,1.9246022,-4.354812136088853,1.0359999999999967,0.0904968087586583
3.5614324006348106,-0.5478188087772471,-0.0004999999999999449,-0.588569404746871,2.7159648,-5.077167,5.713839,1.4590199912938403e-17,0.08873078,0.05396769487939576,-794.2,0.0,974,1.0,0.0,-0.0001310558,15,0.15664478770665802,0.2962962962962963,0.05544384629041586,7.5101852e-06,-0.29008867444437547,0.9999770225112635,1.926744,-2.177228376516198,0.7825296455237712,0.03516936224977563
