_max_adv,_min_discrew,_max_discrew,_min_obs,_std_act,_min_act,_max_act,_mean_adv,_mean_act,_std_discrew,_MeanReward,ExplainedVarOld,Steps,_lr_multiplier,ExplainedVarNew,PolicyLoss,_Episode,_mean_obs,Beta,ValFuncLoss,KL,_mean_discrew,_std_adv,PolicyEntropy,_min_adv,_max_obs,_std_obs
0.5929998774067909,-176.87143258871723,-0.16305765341538606,-1.1257730489284623,2.7488544,-5.4700556,6.740708,7.119411916723137e-17,0.014173114,3021.801727369589,-629.1,0.0,5589,1.0,0.0,-0.00015613688,20,0.022181227618058783,0.6666666666666666,5608.843896317283,1.2040138e-05,-55.256459509900125,0.9999999229434752,1.91577,-5.683045969906376,1.079794721234927,0.06887127524917393
0.7436101160453272,-181.25836222112318,-0.16675055271995592,-1.1625577492691672,2.6614902,-5.2214355,6.288226,-3.910123395412417e-17,0.008620763,3769.67067282729,-590.45,0.0,5815,1.0,0.0,-7.3072704e-05,40,0.023478546560293096,0.4444444444444444,6647.291525514597,2.7418137e-06,-62.65957567249459,0.9999999165543211,1.9147819,-6.206739279647434,1.5399999999999412,0.08134860034971175
