_max_adv,_min_discrew,_max_discrew,_min_obs,_std_act,_min_act,_max_act,_mean_adv,_mean_act,_std_discrew,_MeanReward,ExplainedVarOld,Steps,_lr_multiplier,ExplainedVarNew,PolicyLoss,_Episode,_mean_obs,Beta,ValFuncLoss,KL,_mean_discrew,_std_adv,PolicyEntropy,_min_adv,_max_obs,_std_obs
0.9535319661263636,-0.5500746344717458,-0.0004999999999999449,-0.7203973922418753,2.7825925,-4.963783,5.354546,6.579099405186112e-17,0.09455482,0.04628987216627016,-972.0,0.0,864,1.0,0.0,-0.00012917431,5,0.05811265166829308,0.6666666666666666,0.1418915932935428,6.556511e-06,-0.3572615793326612,0.9999842511422451,1.9166096,-2.9797607444142447,1.2186801495611692,0.0720206304993974
1.5130782878208666,-0.7127164944959643,-0.0004999999999999449,-2.527582086014593,2.7705345,-5.2696366,5.1191244,3.422652869750001e-18,-0.038047083,0.07991765013473746,-615.0,2.220446049250313e-16,2076,1.0,0.0,-5.4274682e-05,10,-0.1256198899407457,0.4444444444444444,0.11831355193976242,8.165836e-06,-0.35632905604884774,0.9999592505504898,1.9137888,-8.664200407907265,1.1079999999999888,0.22198904610209266
2.446196733146535,-0.5354404663105914,-0.0004999999999999449,-0.5709252464792094,2.57894,-4.9926248,5.4420357,-7.09360468312912e-17,0.03419018,0.0234582773488443,-440.2,0.0,1202,1.0,0.0,-0.00012797894,15,0.09089896245095833,0.2962962962962963,0.02835658896378941,1.1622906e-05,-0.12027260535158134,0.9999700923308478,1.9103894,-5.023299486899333,0.6818100570385305,0.05010060928863491
