_max_adv,_min_discrew,_max_discrew,_min_obs,_std_act,_min_act,_max_act,_mean_adv,_mean_act,_std_discrew,_MeanReward,ExplainedVarOld,Steps,_lr_multiplier,ExplainedVarNew,PolicyLoss,_Episode,_mean_obs,Beta,ValFuncLoss,KL,_mean_discrew,_std_adv,PolicyEntropy,_min_adv,_max_obs,_std_obs
0.6108282432728038,-0.6086717084640357,-0.0004999999999999449,-1.9308279200732343,2.7718458,-5.532994,6.671444,1.2341933375485612e-16,-0.05225892,0.05189369093101873,-522.2,0.0,1612,1.0,0.0,-4.963218e-05,5,-0.030927365432879262,0.6666666666666666,0.07155592538752896,1.41859055e-05,-0.21698409544622058,0.9999655071801912,1.9223747,-8.003827790577944,0.7390245264287374,0.1248663287232305
1.7455192044062635,-0.5279458428968227,-0.0004999999999999449,-0.5263421333169012,2.722783,-5.8191667,6.044682,5.4832879930039884e-17,0.0024144053,0.015329749718921636,-510.8,2.220446049250313e-16,1555,1.0,3.3306690738754696e-16,-0.0001578551,10,0.028318170700026492,0.4444444444444444,0.015333716385556492,1.9848347e-05,-0.12272781605968533,0.9999643265658708,1.9266189,-7.164000428387022,0.7072924706655005,0.0678725799569304
1.9725427766007664,-0.5432731700567456,-0.0004999999999999449,-0.5498070958320345,2.5550404,-5.2006655,5.365327,1.6428733774800003e-16,0.12300439,0.04787462165437512,-937.6,0.0,692,1.0,0.0,-2.7836937e-05,15,0.09341376670670658,0.2962962962962963,0.09748215078350855,8.34465e-06,-0.35678939492829925,0.9999820754448477,1.9293187,-2.5041349333820526,0.6763944616405385,0.03265538075310647
